sales_rep_id,rep_name,territory,region,reporting_mgr
SR391,Rep_0,Zone C,South,Mgr_16
SR837,Rep_1,Zone A,East,Mgr_20
SR890,Rep_2,Zone B,East,Mgr_1
SR242,Rep_3,Zone C,West,Mgr_11
SR976,Rep_4,Zone B,North,Mgr_5
SR659,Rep_5,Zone B,North,Mgr_17
SR614,Rep_6,Zone B,North,Mgr_11
SR447,Rep_7,Zone A,East,Mgr_11
SR516,Rep_8,Zone C,North,Mgr_9
SR670,Rep_9,Zone A,South,Mgr_14
SR261,Rep_10,Zone B,West,Mgr_14
SR923,Rep_11,Zone B,West,Mgr_5
SR199,Rep_12,Zone C,South,Mgr_12
SR561,Rep_13,Zone A,East,Mgr_18
SR381,Rep_14,Zone C,West,Mgr_16
SR127,Rep_15,Zone B,North,Mgr_1
SR272,Rep_16,Zone A,South,Mgr_15
SR231,Rep_17,Zone C,South,Mgr_1
SR522,Rep_18,Zone B,North,Mgr_4
SR156,Rep_19,Zone C,East,Mgr_11
SR930,Rep_20,Zone B,North,Mgr_1
SR501,Rep_21,Zone B,East,Mgr_2
SR789,Rep_22,Zone A,East,Mgr_10
SR507,Rep_23,Zone A,West,Mgr_11
SR795,Rep_24,Zone C,East,Mgr_9
SR326,Rep_25,Zone B,West,Mgr_14
SR553,Rep_26,Zone C,West,Mgr_20
SR225,Rep_27,Zone C,East,Mgr_12
SR794,Rep_28,Zone C,West,Mgr_14
SR340,Rep_29,Zone B,West,Mgr_7
SR421,Rep_30,Zone B,North,Mgr_16
SR358,Rep_31,Zone B,South,Mgr_11
SR116,Rep_32,Zone C,North,Mgr_15
SR479,Rep_33,Zone C,East,Mgr_19
SR788,Rep_34,Zone A,East,Mgr_2
SR888,Rep_35,Zone C,North,Mgr_4
SR737,Rep_36,Zone A,East,Mgr_13
SR360,Rep_37,Zone C,West,Mgr_17
SR158,Rep_38,Zone B,West,Mgr_4
SR716,Rep_39,Zone A,East,Mgr_13
SR780,Rep_40,Zone C,South,Mgr_10
SR571,Rep_41,Zone C,South,Mgr_7
SR496,Rep_42,Zone C,West,Mgr_17
SR691,Rep_43,Zone C,North,Mgr_5
SR547,Rep_44,Zone B,South,Mgr_19
SR476,Rep_45,Zone A,West,Mgr_16
SR102,Rep_46,Zone C,North,Mgr_10
SR124,Rep_47,Zone C,North,Mgr_6
SR159,Rep_48,Zone C,West,Mgr_10
SR765,Rep_49,Zone B,West,Mgr_7
SR639,Rep_50,Zone A,West,Mgr_9
SR727,Rep_51,Zone B,North,Mgr_14
SR392,Rep_52,Zone A,West,Mgr_14
SR675,Rep_53,Zone C,South,Mgr_5
SR394,Rep_54,Zone A,West,Mgr_4
SR970,Rep_55,Zone B,South,Mgr_10
SR821,Rep_56,Zone B,East,Mgr_5
SR395,Rep_57,Zone C,West,Mgr_3
SR445,Rep_58,Zone C,West,Mgr_20
SR339,Rep_59,Zone C,East,Mgr_14
SR625,Rep_60,Zone B,North,Mgr_7
SR297,Rep_61,Zone B,South,Mgr_1
SR279,Rep_62,Zone B,East,Mgr_19
SR193,Rep_63,Zone B,South,Mgr_12
SR153,Rep_64,Zone A,South,Mgr_14
SR258,Rep_65,Zone C,North,Mgr_10
SR790,Rep_66,Zone C,North,Mgr_5
SR656,Rep_67,Zone A,West,Mgr_3
SR964,Rep_68,Zone C,East,Mgr_6
SR398,Rep_69,Zone A,North,Mgr_3
SR313,Rep_70,Zone A,West,Mgr_16
SR212,Rep_71,Zone A,South,Mgr_7
SR101,Rep_72,Zone A,East,Mgr_19
SR934,Rep_73,Zone C,South,Mgr_12
SR673,Rep_74,Zone A,North,Mgr_17
SR759,Rep_75,Zone A,East,Mgr_16
SR349,Rep_76,Zone C,South,Mgr_16
SR316,Rep_77,Zone C,East,Mgr_19
SR451,Rep_78,Zone B,East,Mgr_9
SR462,Rep_79,Zone B,North,Mgr_12
SR519,Rep_80,Zone A,North,Mgr_2
SR535,Rep_81,Zone C,East,Mgr_9
SR877,Rep_82,Zone C,East,Mgr_3
SR612,Rep_83,Zone C,East,Mgr_10
SR715,Rep_84,Zone B,West,Mgr_20
SR280,Rep_85,Zone B,West,Mgr_1
SR253,Rep_86,Zone A,East,Mgr_10
SR829,Rep_87,Zone A,North,Mgr_14
SR529,Rep_88,Zone C,West,Mgr_19
SR138,Rep_89,Zone C,East,Mgr_3
SR835,Rep_90,Zone C,East,Mgr_8
SR165,Rep_91,Zone C,South,Mgr_9
SR304,Rep_92,Zone A,South,Mgr_6
SR303,Rep_93,Zone A,East,Mgr_17
SR739,Rep_94,Zone A,North,Mgr_1
SR133,Rep_95,Zone C,North,Mgr_3
SR830,Rep_96,Zone B,North,Mgr_10
SR782,Rep_97,Zone C,West,Mgr_17
SR137,Rep_98,Zone A,North,Mgr_12
SR982,Rep_99,Zone C,East,Mgr_1
SR207,Rep_100,Zone C,East,Mgr_11
SR325,Rep_101,Zone B,North,Mgr_9
SR352,Rep_102,Zone A,West,Mgr_9
SR807,Rep_103,Zone A,South,Mgr_5
SR717,Rep_104,Zone A,North,Mgr_1
SR826,Rep_105,Zone A,South,Mgr_7
SR108,Rep_106,Zone B,East,Mgr_4
SR649,Rep_107,Zone C,West,Mgr_16
SR769,Rep_108,Zone B,South,Mgr_3
SR909,Rep_109,Zone C,West,Mgr_10
SR245,Rep_110,Zone A,West,Mgr_4
SR956,Rep_111,Zone C,North,Mgr_20
SR243,Rep_112,Zone B,West,Mgr_14
SR972,Rep_113,Zone A,East,Mgr_18
SR747,Rep_114,Zone A,South,Mgr_18
SR568,Rep_115,Zone A,East,Mgr_10
SR886,Rep_116,Zone C,South,Mgr_14
SR166,Rep_117,Zone A,South,Mgr_11
SR594,Rep_118,Zone C,West,Mgr_7
SR705,Rep_119,Zone C,West,Mgr_15
SR600,Rep_120,Zone B,North,Mgr_18
SR345,Rep_121,Zone C,North,Mgr_17
SR371,Rep_122,Zone C,East,Mgr_12
SR125,Rep_123,Zone B,North,Mgr_7
SR778,Rep_124,Zone B,East,Mgr_7
SR532,Rep_125,Zone A,North,Mgr_5
SR811,Rep_126,Zone B,West,Mgr_5
SR988,Rep_127,Zone C,South,Mgr_3
SR343,Rep_128,Zone A,North,Mgr_4
SR397,Rep_129,Zone C,East,Mgr_15
SR706,Rep_130,Zone C,West,Mgr_14
SR366,Rep_131,Zone B,North,Mgr_8
SR433,Rep_132,Zone C,West,Mgr_15
SR472,Rep_133,Zone B,South,Mgr_5
SR251,Rep_134,Zone C,North,Mgr_13
SR701,Rep_135,Zone A,South,Mgr_5
SR624,Rep_136,Zone C,West,Mgr_7
SR129,Rep_137,Zone B,East,Mgr_17
SR324,Rep_138,Zone A,North,Mgr_16
SR444,Rep_139,Zone C,West,Mgr_4
SR426,Rep_140,Zone C,East,Mgr_1
SR616,Rep_141,Zone A,East,Mgr_19
SR902,Rep_142,Zone B,South,Mgr_14
SR290,Rep_143,Zone C,East,Mgr_15
SR927,Rep_144,Zone A,West,Mgr_2
SR589,Rep_145,Zone B,East,Mgr_6
SR534,Rep_146,Zone B,West,Mgr_3
SR749,Rep_147,Zone B,South,Mgr_10
SR131,Rep_148,Zone C,South,Mgr_15
SR227,Rep_149,Zone A,West,Mgr_6
SR361,Rep_150,Zone B,West,Mgr_15
SR270,Rep_151,Zone A,West,Mgr_4
SR234,Rep_152,Zone A,South,Mgr_1
SR498,Rep_153,Zone A,West,Mgr_13
SR336,Rep_154,Zone B,West,Mgr_1
SR281,Rep_155,Zone B,East,Mgr_4
SR989,Rep_156,Zone B,South,Mgr_12
SR873,Rep_157,Zone C,South,Mgr_4
SR554,Rep_158,Zone C,West,Mgr_4
SR973,Rep_159,Zone B,East,Mgr_6
SR503,Rep_160,Zone C,North,Mgr_20
SR676,Rep_161,Zone A,West,Mgr_9
SR334,Rep_162,Zone A,West,Mgr_14
SR876,Rep_163,Zone B,South,Mgr_12
SR543,Rep_164,Zone B,North,Mgr_9
SR406,Rep_165,Zone B,North,Mgr_2
SR484,Rep_166,Zone B,West,Mgr_10
SR812,Rep_167,Zone C,South,Mgr_19
SR669,Rep_168,Zone A,West,Mgr_13
SR871,Rep_169,Zone C,East,Mgr_7
SR629,Rep_170,Zone B,West,Mgr_14
SR515,Rep_171,Zone A,South,Mgr_13
SR424,Rep_172,Zone A,North,Mgr_12
SR211,Rep_173,Zone C,East,Mgr_11
SR958,Rep_174,Zone B,East,Mgr_20
SR581,Rep_175,Zone A,West,Mgr_5
SR318,Rep_176,Zone C,East,Mgr_7
SR582,Rep_177,Zone A,North,Mgr_15
SR150,Rep_178,Zone C,West,Mgr_16
SR738,Rep_179,Zone A,West,Mgr_8
SR712,Rep_180,Zone C,South,Mgr_20
SR748,Rep_181,Zone C,North,Mgr_7
SR347,Rep_182,Zone C,South,Mgr_18
SR255,Rep_183,Zone C,South,Mgr_14
SR772,Rep_184,Zone C,South,Mgr_2
SR818,Rep_185,Zone B,West,Mgr_12
SR591,Rep_186,Zone A,West,Mgr_10
SR291,Rep_187,Zone C,West,Mgr_9
SR916,Rep_188,Zone C,West,Mgr_8
SR854,Rep_189,Zone B,West,Mgr_7
SR110,Rep_190,Zone A,West,Mgr_18
SR850,Rep_191,Zone B,South,Mgr_19
SR911,Rep_192,Zone A,East,Mgr_20
SR637,Rep_193,Zone A,South,Mgr_7
SR992,Rep_194,Zone C,East,Mgr_10
SR163,Rep_195,Zone C,West,Mgr_12
SR497,Rep_196,Zone B,West,Mgr_9
SR735,Rep_197,Zone A,East,Mgr_9
SR521,Rep_198,Zone A,East,Mgr_13
SR814,Rep_199,Zone B,West,Mgr_20
SR256,Rep_200,Zone B,West,Mgr_14
SR368,Rep_201,Zone B,East,Mgr_6
SR763,Rep_202,Zone A,South,Mgr_20
SR746,Rep_203,Zone B,South,Mgr_1
SR471,Rep_204,Zone C,East,Mgr_16
SR800,Rep_205,Zone A,South,Mgr_15
SR704,Rep_206,Zone C,West,Mgr_4
SR815,Rep_207,Zone A,West,Mgr_10
SR169,Rep_208,Zone A,North,Mgr_11
SR635,Rep_209,Zone C,West,Mgr_10
SR935,Rep_210,Zone A,South,Mgr_13
SR160,Rep_211,Zone C,East,Mgr_1
SR298,Rep_212,Zone B,South,Mgr_1
SR533,Rep_213,Zone B,East,Mgr_8
SR848,Rep_214,Zone A,North,Mgr_19
SR454,Rep_215,Zone A,East,Mgr_14
SR174,Rep_216,Zone B,North,Mgr_6
SR271,Rep_217,Zone B,West,Mgr_3
SR733,Rep_218,Zone A,North,Mgr_7
SR205,Rep_219,Zone C,East,Mgr_16
SR494,Rep_220,Zone B,West,Mgr_18
SR218,Rep_221,Zone B,East,Mgr_4
SR286,Rep_222,Zone A,West,Mgr_6
SR764,Rep_223,Zone B,East,Mgr_16
SR718,Rep_224,Zone A,West,Mgr_16
SR473,Rep_225,Zone B,North,Mgr_13
SR105,Rep_226,Zone A,South,Mgr_19
SR570,Rep_227,Zone B,South,Mgr_14
SR569,Rep_228,Zone C,South,Mgr_16
SR330,Rep_229,Zone A,West,Mgr_17
SR750,Rep_230,Zone A,South,Mgr_7
SR185,Rep_231,Zone A,East,Mgr_10
SR762,Rep_232,Zone B,North,Mgr_7
SR346,Rep_233,Zone C,West,Mgr_14
SR222,Rep_234,Zone C,South,Mgr_3
SR742,Rep_235,Zone B,South,Mgr_3
SR745,Rep_236,Zone A,West,Mgr_17
SR344,Rep_237,Zone A,South,Mgr_7
SR840,Rep_238,Zone B,South,Mgr_7
SR851,Rep_239,Zone B,East,Mgr_19
SR389,Rep_240,Zone B,West,Mgr_5
SR388,Rep_241,Zone B,West,Mgr_1
SR221,Rep_242,Zone A,North,Mgr_1
SR847,Rep_243,Zone B,East,Mgr_18
SR914,Rep_244,Zone A,South,Mgr_20
SR308,Rep_245,Zone C,North,Mgr_3
SR868,Rep_246,Zone B,West,Mgr_20
SR996,Rep_247,Zone C,South,Mgr_19
SR564,Rep_248,Zone A,South,Mgr_19
SR719,Rep_249,Zone B,North,Mgr_10
SR438,Rep_250,Zone C,South,Mgr_8
SR257,Rep_251,Zone C,West,Mgr_13
SR372,Rep_252,Zone B,West,Mgr_16
SR283,Rep_253,Zone A,North,Mgr_9
SR489,Rep_254,Zone A,North,Mgr_16
SR537,Rep_255,Zone B,North,Mgr_10
SR439,Rep_256,Zone B,East,Mgr_14
SR200,Rep_257,Zone A,East,Mgr_7
SR698,Rep_258,Zone A,South,Mgr_14
SR353,Rep_259,Zone C,East,Mgr_10
SR776,Rep_260,Zone C,West,Mgr_15
SR693,Rep_261,Zone A,West,Mgr_11
SR601,Rep_262,Zone B,West,Mgr_5
SR107,Rep_263,Zone C,West,Mgr_8
SR508,Rep_264,Zone A,South,Mgr_1
SR950,Rep_265,Zone A,South,Mgr_6
SR450,Rep_266,Zone A,West,Mgr_18
SR407,Rep_267,Zone C,South,Mgr_10
SR146,Rep_268,Zone A,North,Mgr_1
SR757,Rep_269,Zone C,East,Mgr_12
SR467,Rep_270,Zone C,North,Mgr_1
SR755,Rep_271,Zone A,South,Mgr_16
SR365,Rep_272,Zone B,East,Mgr_6
SR623,Rep_273,Zone B,East,Mgr_9
SR663,Rep_274,Zone B,East,Mgr_17
SR458,Rep_275,Zone C,East,Mgr_17
SR993,Rep_276,Zone A,West,Mgr_8
SR241,Rep_277,Zone C,West,Mgr_8
SR660,Rep_278,Zone C,West,Mgr_20
SR249,Rep_279,Zone C,East,Mgr_19
SR936,Rep_280,Zone B,North,Mgr_12
SR404,Rep_281,Zone A,East,Mgr_15
SR528,Rep_282,Zone A,West,Mgr_17
SR634,Rep_283,Zone A,North,Mgr_10
SR924,Rep_284,Zone C,South,Mgr_4
SR149,Rep_285,Zone B,West,Mgr_18
SR453,Rep_286,Zone C,South,Mgr_19
SR170,Rep_287,Zone C,West,Mgr_7
SR730,Rep_288,Zone C,West,Mgr_2
SR863,Rep_289,Zone A,East,Mgr_4
SR664,Rep_290,Zone B,East,Mgr_8
SR188,Rep_291,Zone B,West,Mgr_16
SR526,Rep_292,Zone B,East,Mgr_1
SR282,Rep_293,Zone B,West,Mgr_7
SR435,Rep_294,Zone B,West,Mgr_1
SR144,Rep_295,Zone A,East,Mgr_15
SR791,Rep_296,Zone B,West,Mgr_1
SR921,Rep_297,Zone B,North,Mgr_13
SR505,Rep_298,Zone A,West,Mgr_6
SR485,Rep_299,Zone A,North,Mgr_20
SR305,Rep_300,Zone B,South,Mgr_5
SR470,Rep_301,Zone C,North,Mgr_4
SR690,Rep_302,Zone C,North,Mgr_3
SR463,Rep_303,Zone A,North,Mgr_16
SR260,Rep_304,Zone A,East,Mgr_20
SR247,Rep_305,Zone A,West,Mgr_18
SR907,Rep_306,Zone A,North,Mgr_19
SR896,Rep_307,Zone B,East,Mgr_4
SR767,Rep_308,Zone C,West,Mgr_16
SR953,Rep_309,Zone C,West,Mgr_18
SR852,Rep_310,Zone A,South,Mgr_16
SR414,Rep_311,Zone A,North,Mgr_3
SR773,Rep_312,Zone A,East,Mgr_15
SR683,Rep_313,Zone A,North,Mgr_7
SR919,Rep_314,Zone A,North,Mgr_8
SR978,Rep_315,Zone B,North,Mgr_20
SR645,Rep_316,Zone C,North,Mgr_10
SR661,Rep_317,Zone C,South,Mgr_9
SR861,Rep_318,Zone A,East,Mgr_16
SR168,Rep_319,Zone A,North,Mgr_19
SR845,Rep_320,Zone C,South,Mgr_3
SR429,Rep_321,Zone C,West,Mgr_7
SR803,Rep_322,Zone A,South,Mgr_18
SR142,Rep_323,Zone B,East,Mgr_1
SR504,Rep_324,Zone B,North,Mgr_3
SR641,Rep_325,Zone B,North,Mgr_18
SR986,Rep_326,Zone C,East,Mgr_15
SR117,Rep_327,Zone A,West,Mgr_14
SR396,Rep_328,Zone B,East,Mgr_19
SR228,Rep_329,Zone C,West,Mgr_4
SR375,Rep_330,Zone B,South,Mgr_19
SR720,Rep_331,Zone B,East,Mgr_2
SR598,Rep_332,Zone A,West,Mgr_4
SR310,Rep_333,Zone B,South,Mgr_14
SR905,Rep_334,Zone C,South,Mgr_14
SR419,Rep_335,Zone B,North,Mgr_2
SR576,Rep_336,Zone C,South,Mgr_1
SR965,Rep_337,Zone C,East,Mgr_11
SR275,Rep_338,Zone A,West,Mgr_15
SR874,Rep_339,Zone B,South,Mgr_9
SR841,Rep_340,Zone C,North,Mgr_6
SR431,Rep_341,Zone B,South,Mgr_20
SR843,Rep_342,Zone A,West,Mgr_16
SR678,Rep_343,Zone C,South,Mgr_4
SR354,Rep_344,Zone B,North,Mgr_18
SR864,Rep_345,Zone A,East,Mgr_6
SR714,Rep_346,Zone C,North,Mgr_17
SR657,Rep_347,Zone B,South,Mgr_1
SR457,Rep_348,Zone B,North,Mgr_6
SR592,Rep_349,Zone C,West,Mgr_1
SR816,Rep_350,Zone B,North,Mgr_7
SR846,Rep_351,Zone C,West,Mgr_6
SR775,Rep_352,Zone C,East,Mgr_11
SR385,Rep_353,Zone B,North,Mgr_1
SR500,Rep_354,Zone C,West,Mgr_18
SR857,Rep_355,Zone A,East,Mgr_8
SR387,Rep_356,Zone C,South,Mgr_5
SR860,Rep_357,Zone B,West,Mgr_14
SR405,Rep_358,Zone B,South,Mgr_16
SR523,Rep_359,Zone A,East,Mgr_5
SR688,Rep_360,Zone A,East,Mgr_1
SR619,Rep_361,Zone C,North,Mgr_9
SR285,Rep_362,Zone A,North,Mgr_3
SR441,Rep_363,Zone C,South,Mgr_16
SR605,Rep_364,Zone B,West,Mgr_7
SR550,Rep_365,Zone A,East,Mgr_11
SR369,Rep_366,Zone C,West,Mgr_9
SR831,Rep_367,Zone C,West,Mgr_17
SR702,Rep_368,Zone B,West,Mgr_13
SR858,Rep_369,Zone A,East,Mgr_14
SR577,Rep_370,Zone B,West,Mgr_18
SR383,Rep_371,Zone C,West,Mgr_15
SR524,Rep_372,Zone B,South,Mgr_10
SR946,Rep_373,Zone C,East,Mgr_12
SR235,Rep_374,Zone A,East,Mgr_5
SR708,Rep_375,Zone C,West,Mgr_5
SR883,Rep_376,Zone A,West,Mgr_16
SR196,Rep_377,Zone B,North,Mgr_10
SR401,Rep_378,Zone B,South,Mgr_6
SR665,Rep_379,Zone C,East,Mgr_15
SR400,Rep_380,Zone B,East,Mgr_4
SR509,Rep_381,Zone C,North,Mgr_8
SR865,Rep_382,Zone B,West,Mgr_6
SR944,Rep_383,Zone C,West,Mgr_12
SR686,Rep_384,Zone A,East,Mgr_11
SR805,Rep_385,Zone B,North,Mgr_16
SR112,Rep_386,Zone B,West,Mgr_8
SR295,Rep_387,Zone A,South,Mgr_4
SR668,Rep_388,Zone B,West,Mgr_15
SR206,Rep_389,Zone A,South,Mgr_5
SR292,Rep_390,Zone C,East,Mgr_12
SR411,Rep_391,Zone A,West,Mgr_17
SR351,Rep_392,Zone A,East,Mgr_6
SR237,Rep_393,Zone C,East,Mgr_5
SR106,Rep_394,Zone C,North,Mgr_7
SR531,Rep_395,Zone A,West,Mgr_5
SR195,Rep_396,Zone A,North,Mgr_20
SR699,Rep_397,Zone C,South,Mgr_20
SR422,Rep_398,Zone C,East,Mgr_5
SR223,Rep_399,Zone C,South,Mgr_10
SR580,Rep_400,Zone A,East,Mgr_1
SR460,Rep_401,Zone C,West,Mgr_19
SR136,Rep_402,Zone B,South,Mgr_7
SR386,Rep_403,Zone A,North,Mgr_1
SR646,Rep_404,Zone C,North,Mgr_20
SR126,Rep_405,Zone C,North,Mgr_1
SR265,Rep_406,Zone B,West,Mgr_4
SR709,Rep_407,Zone A,North,Mgr_17
SR219,Rep_408,Zone A,West,Mgr_5
SR427,Rep_409,Zone C,North,Mgr_5
SR872,Rep_410,Zone B,North,Mgr_11
SR293,Rep_411,Zone B,South,Mgr_12
SR236,Rep_412,Zone B,North,Mgr_12
SR380,Rep_413,Zone C,East,Mgr_15
SR804,Rep_414,Zone B,North,Mgr_5
SR610,Rep_415,Zone A,South,Mgr_16
SR987,Rep_416,Zone B,North,Mgr_1
SR480,Rep_417,Zone B,South,Mgr_16
SR985,Rep_418,Zone B,East,Mgr_2
SR784,Rep_419,Zone C,South,Mgr_7
SR359,Rep_420,Zone C,East,Mgr_2
SR787,Rep_421,Zone B,West,Mgr_5
SR323,Rep_422,Zone A,East,Mgr_4
SR309,Rep_423,Zone A,East,Mgr_15
SR627,Rep_424,Zone C,East,Mgr_5
SR680,Rep_425,Zone B,East,Mgr_7
SR952,Rep_426,Zone A,East,Mgr_4
SR167,Rep_427,Zone C,East,Mgr_6
SR962,Rep_428,Zone B,East,Mgr_20
SR321,Rep_429,Zone C,South,Mgr_20
SR493,Rep_430,Zone C,East,Mgr_15
SR823,Rep_431,Zone A,West,Mgr_17
SR128,Rep_432,Zone B,East,Mgr_20
SR178,Rep_433,Zone C,West,Mgr_9
SR796,Rep_434,Zone C,North,Mgr_19
SR578,Rep_435,Zone B,West,Mgr_11
SR808,Rep_436,Zone C,West,Mgr_12
SR456,Rep_437,Zone B,North,Mgr_5
SR940,Rep_438,Zone C,North,Mgr_12
SR724,Rep_439,Zone B,West,Mgr_8
SR721,Rep_440,Zone C,South,Mgr_9
SR134,Rep_441,Zone C,East,Mgr_5
SR887,Rep_442,Zone C,West,Mgr_20
SR374,Rep_443,Zone C,South,Mgr_14
SR120,Rep_444,Zone C,West,Mgr_13
SR824,Rep_445,Zone B,East,Mgr_19
SR288,Rep_446,Zone C,East,Mgr_13
SR173,Rep_447,Zone A,West,Mgr_10
SR710,Rep_448,Zone B,North,Mgr_16
SR145,Rep_449,Zone B,West,Mgr_10
SR979,Rep_450,Zone A,North,Mgr_6
SR700,Rep_451,Zone A,East,Mgr_7
SR135,Rep_452,Zone B,West,Mgr_9
SR744,Rep_453,Zone A,South,Mgr_5
SR558,Rep_454,Zone C,East,Mgr_20
SR638,Rep_455,Zone A,South,Mgr_15
SR760,Rep_456,Zone A,East,Mgr_20
SR520,Rep_457,Zone A,South,Mgr_7
SR382,Rep_458,Zone A,North,Mgr_4
SR655,Rep_459,Zone A,East,Mgr_18
SR756,Rep_460,Zone A,West,Mgr_6
SR495,Rep_461,Zone B,East,Mgr_11
SR810,Rep_462,Zone C,South,Mgr_3
SR728,Rep_463,Zone B,West,Mgr_8
SR631,Rep_464,Zone B,North,Mgr_2
SR143,Rep_465,Zone A,North,Mgr_5
SR856,Rep_466,Zone B,South,Mgr_4
SR191,Rep_467,Zone A,South,Mgr_1
SR262,Rep_468,Zone A,West,Mgr_20
SR328,Rep_469,Zone A,East,Mgr_5
SR626,Rep_470,Zone C,North,Mgr_17
SR566,Rep_471,Zone B,East,Mgr_3
SR618,Rep_472,Zone B,South,Mgr_13
SR650,Rep_473,Zone C,West,Mgr_9
SR461,Rep_474,Zone A,South,Mgr_16
SR434,Rep_475,Zone C,South,Mgr_9
SR822,Rep_476,Zone A,South,Mgr_15
SR154,Rep_477,Zone C,North,Mgr_1
SR758,Rep_478,Zone C,South,Mgr_12
SR322,Rep_479,Zone C,North,Mgr_11
SR783,Rep_480,Zone B,East,Mgr_15
SR216,Rep_481,Zone A,South,Mgr_10
SR817,Rep_482,Zone A,South,Mgr_8
SR910,Rep_483,Zone A,West,Mgr_14
SR869,Rep_484,Zone A,East,Mgr_13
SR171,Rep_485,Zone C,West,Mgr_4
SR957,Rep_486,Zone C,South,Mgr_17
SR904,Rep_487,Zone C,West,Mgr_18
SR425,Rep_488,Zone B,South,Mgr_4
SR901,Rep_489,Zone B,West,Mgr_3
SR672,Rep_490,Zone C,West,Mgr_6
SR802,Rep_491,Zone B,East,Mgr_15
SR596,Rep_492,Zone B,East,Mgr_6
SR367,Rep_493,Zone A,East,Mgr_18
SR741,Rep_494,Zone C,North,Mgr_20
SR806,Rep_495,Zone C,West,Mgr_17
SR602,Rep_496,Zone A,West,Mgr_19
SR337,Rep_497,Zone C,West,Mgr_10
SR311,Rep_498,Zone C,North,Mgr_6
SR696,Rep_499,Zone B,East,Mgr_4
SR611,Rep_500,Zone C,West,Mgr_5
SR899,Rep_501,Zone A,North,Mgr_13
SR459,Rep_502,Zone A,East,Mgr_6
SR947,Rep_503,Zone C,West,Mgr_18
SR141,Rep_504,Zone B,North,Mgr_15
SR990,Rep_505,Zone A,East,Mgr_19
SR118,Rep_506,Zone A,East,Mgr_19
SR809,Rep_507,Zone B,East,Mgr_15
SR229,Rep_508,Zone A,North,Mgr_15
SR752,Rep_509,Zone B,South,Mgr_9
SR573,Rep_510,Zone A,West,Mgr_11
SR867,Rep_511,Zone A,West,Mgr_14
SR597,Rep_512,Zone A,East,Mgr_19
SR390,Rep_513,Zone B,East,Mgr_20
SR723,Rep_514,Zone C,North,Mgr_11
SR801,Rep_515,Zone B,South,Mgr_14
SR542,Rep_516,Zone A,West,Mgr_16
SR437,Rep_517,Zone C,East,Mgr_1
SR603,Rep_518,Zone B,East,Mgr_4
SR556,Rep_519,Zone A,North,Mgr_5
SR884,Rep_520,Zone B,North,Mgr_2
SR980,Rep_521,Zone B,West,Mgr_8
SR813,Rep_522,Zone A,North,Mgr_19
SR348,Rep_523,Zone C,West,Mgr_6
SR263,Rep_524,Zone C,South,Mgr_17
SR777,Rep_525,Zone B,West,Mgr_2
SR961,Rep_526,Zone C,North,Mgr_1
SR399,Rep_527,Zone B,South,Mgr_4
SR977,Rep_528,Zone A,West,Mgr_12
SR213,Rep_529,Zone C,East,Mgr_17
SR466,Rep_530,Zone C,North,Mgr_9
SR590,Rep_531,Zone B,West,Mgr_1
SR630,Rep_532,Zone A,East,Mgr_20
SR892,Rep_533,Zone B,South,Mgr_8
SR632,Rep_534,Zone C,West,Mgr_2
SR913,Rep_535,Zone C,North,Mgr_9
SR703,Rep_536,Zone C,West,Mgr_10
SR373,Rep_537,Zone C,West,Mgr_7
SR342,Rep_538,Zone A,South,Mgr_3
SR828,Rep_539,Zone B,North,Mgr_2
SR552,Rep_540,Zone A,East,Mgr_10
SR862,Rep_541,Zone B,West,Mgr_12
SR132,Rep_542,Zone A,North,Mgr_5
SR931,Rep_543,Zone A,East,Mgr_7
SR615,Rep_544,Zone A,South,Mgr_18
SR465,Rep_545,Zone B,South,Mgr_12
SR238,Rep_546,Zone B,East,Mgr_10
SR527,Rep_547,Zone A,East,Mgr_11
SR540,Rep_548,Zone B,East,Mgr_17
SR220,Rep_549,Zone B,West,Mgr_16
SR604,Rep_550,Zone B,West,Mgr_17
SR855,Rep_551,Zone B,North,Mgr_9
SR766,Rep_552,Zone B,South,Mgr_4
SR998,Rep_553,Zone B,West,Mgr_11
SR557,Rep_554,Zone A,West,Mgr_8
SR771,Rep_555,Zone C,North,Mgr_11
SR674,Rep_556,Zone B,West,Mgr_7
SR492,Rep_557,Zone B,South,Mgr_4
SR906,Rep_558,Zone A,East,Mgr_13
SR294,Rep_559,Zone C,West,Mgr_16
SR584,Rep_560,Zone B,South,Mgr_1
SR849,Rep_561,Zone B,South,Mgr_2
SR878,Rep_562,Zone A,West,Mgr_7
SR104,Rep_563,Zone B,South,Mgr_19
SR768,Rep_564,Zone B,South,Mgr_19
SR363,Rep_565,Zone B,North,Mgr_6
SR579,Rep_566,Zone A,South,Mgr_8
SR544,Rep_567,Zone A,East,Mgr_2
SR820,Rep_568,Zone C,South,Mgr_9
SR355,Rep_569,Zone C,West,Mgr_11
SR879,Rep_570,Zone A,North,Mgr_5
SR273,Rep_571,Zone B,South,Mgr_7
SR187,Rep_572,Zone B,East,Mgr_18
SR722,Rep_573,Zone A,East,Mgr_14
SR357,Rep_574,Zone A,West,Mgr_13
SR842,Rep_575,Zone C,East,Mgr_20
SR666,Rep_576,Zone A,South,Mgr_12
SR413,Rep_577,Zone C,North,Mgr_11
SR510,Rep_578,Zone B,West,Mgr_15
SR643,Rep_579,Zone C,East,Mgr_7
SR252,Rep_580,Zone A,North,Mgr_14
SR410,Rep_581,Zone A,West,Mgr_8
SR502,Rep_582,Zone A,West,Mgr_4
SR994,Rep_583,Zone C,West,Mgr_7
SR948,Rep_584,Zone B,East,Mgr_14
SR588,Rep_585,Zone B,South,Mgr_18
SR880,Rep_586,Zone B,East,Mgr_14
SR194,Rep_587,Zone C,East,Mgr_9
SR966,Rep_588,Zone C,East,Mgr_19
SR740,Rep_589,Zone C,East,Mgr_11
SR511,Rep_590,Zone A,East,Mgr_2
SR474,Rep_591,Zone B,South,Mgr_20
SR894,Rep_592,Zone C,North,Mgr_5
SR115,Rep_593,Zone C,South,Mgr_18
SR162,Rep_594,Zone C,East,Mgr_9
SR140,Rep_595,Zone B,West,Mgr_20
SR968,Rep_596,Zone B,West,Mgr_17
SR536,Rep_597,Zone B,East,Mgr_7
SR254,Rep_598,Zone C,West,Mgr_20
SR301,Rep_599,Zone C,West,Mgr_4
SR180,Rep_600,Zone C,North,Mgr_17
SR331,Rep_601,Zone A,South,Mgr_11
SR682,Rep_602,Zone A,East,Mgr_9
SR475,Rep_603,Zone A,East,Mgr_6
SR607,Rep_604,Zone A,West,Mgr_7
SR942,Rep_605,Zone C,East,Mgr_6
SR875,Rep_606,Zone B,East,Mgr_13
SR486,Rep_607,Zone B,South,Mgr_11
SR448,Rep_608,Zone A,South,Mgr_20
SR417,Rep_609,Zone B,East,Mgr_10
SR393,Rep_610,Zone C,West,Mgr_19
SR317,Rep_611,Zone A,South,Mgr_3
SR278,Rep_612,Zone A,South,Mgr_6
SR111,Rep_613,Zone C,South,Mgr_15
SR593,Rep_614,Zone B,North,Mgr_5
SR753,Rep_615,Zone C,South,Mgr_9
SR925,Rep_616,Zone B,West,Mgr_14
SR595,Rep_617,Zone A,West,Mgr_12
SR648,Rep_618,Zone C,West,Mgr_20
SR478,Rep_619,Zone B,North,Mgr_1
SR937,Rep_620,Zone C,North,Mgr_3
SR895,Rep_621,Zone A,East,Mgr_15
SR440,Rep_622,Zone B,North,Mgr_7
SR955,Rep_623,Zone A,North,Mgr_4
SR416,Rep_624,Zone B,East,Mgr_20
SR539,Rep_625,Zone B,South,Mgr_17
SR859,Rep_626,Zone B,South,Mgr_11
SR130,Rep_627,Zone B,East,Mgr_8
SR202,Rep_628,Zone C,South,Mgr_10
SR560,Rep_629,Zone C,South,Mgr_18
SR954,Rep_630,Zone A,North,Mgr_20
SR572,Rep_631,Zone C,North,Mgr_2
SR190,Rep_632,Zone A,South,Mgr_15
SR574,Rep_633,Zone C,West,Mgr_5
SR889,Rep_634,Zone A,East,Mgr_20
SR667,Rep_635,Zone A,South,Mgr_19
SR681,Rep_636,Zone C,West,Mgr_17
SR446,Rep_637,Zone B,West,Mgr_16
SR164,Rep_638,Zone A,North,Mgr_7
SR743,Rep_639,Zone A,South,Mgr_3
SR287,Rep_640,Zone B,East,Mgr_2
SR469,Rep_641,Zone B,East,Mgr_9
SR432,Rep_642,Zone C,West,Mgr_1
SR151,Rep_643,Zone C,South,Mgr_5
SR248,Rep_644,Zone C,East,Mgr_5
SR103,Rep_645,Zone A,West,Mgr_12
SR662,Rep_646,Zone C,South,Mgr_16
SR881,Rep_647,Zone C,North,Mgr_13
SR376,Rep_648,Zone A,West,Mgr_5
SR189,Rep_649,Zone A,South,Mgr_2
SR652,Rep_650,Zone B,South,Mgr_16
SR525,Rep_651,Zone B,East,Mgr_15
SR687,Rep_652,Zone A,West,Mgr_7
SR620,Rep_653,Zone C,South,Mgr_6
SR943,Rep_654,Zone C,North,Mgr_20
SR697,Rep_655,Zone C,North,Mgr_17
SR975,Rep_656,Zone B,South,Mgr_20
SR586,Rep_657,Zone C,West,Mgr_8
SR651,Rep_658,Zone C,West,Mgr_19
SR713,Rep_659,Zone B,North,Mgr_6
SR941,Rep_660,Zone C,East,Mgr_6
SR412,Rep_661,Zone A,East,Mgr_12
SR306,Rep_662,Zone B,South,Mgr_11
SR827,Rep_663,Zone A,West,Mgr_15
SR984,Rep_664,Zone C,North,Mgr_10
SR974,Rep_665,Zone B,East,Mgr_17
SR428,Rep_666,Zone A,North,Mgr_1
SR518,Rep_667,Zone A,North,Mgr_14
SR490,Rep_668,Zone A,North,Mgr_12
SR761,Rep_669,Zone B,East,Mgr_18
SR100,Rep_670,Zone B,South,Mgr_4
SR289,Rep_671,Zone A,West,Mgr_10
SR751,Rep_672,Zone B,West,Mgr_9
SR545,Rep_673,Zone A,West,Mgr_7
SR983,Rep_674,Zone B,South,Mgr_10
SR549,Rep_675,Zone C,West,Mgr_1
SR315,Rep_676,Zone B,North,Mgr_10
SR900,Rep_677,Zone A,South,Mgr_10
SR452,Rep_678,Zone B,North,Mgr_12
SR920,Rep_679,Zone B,West,Mgr_8
SR513,Rep_680,Zone B,East,Mgr_12
SR276,Rep_681,Zone B,North,Mgr_10
SR277,Rep_682,Zone A,North,Mgr_8
SR793,Rep_683,Zone B,East,Mgr_18
SR379,Rep_684,Zone C,North,Mgr_9
SR960,Rep_685,Zone B,West,Mgr_1
SR122,Rep_686,Zone A,South,Mgr_11
SR963,Rep_687,Zone B,South,Mgr_10
SR201,Rep_688,Zone C,North,Mgr_18
SR836,Rep_689,Zone A,West,Mgr_20
SR192,Rep_690,Zone A,North,Mgr_11
SR436,Rep_691,Zone B,West,Mgr_15
SR320,Rep_692,Zone C,East,Mgr_17
SR736,Rep_693,Zone C,West,Mgr_2
SR121,Rep_694,Zone B,West,Mgr_13
SR172,Rep_695,Zone B,South,Mgr_5
SR239,Rep_696,Zone B,West,Mgr_3
SR246,Rep_697,Zone A,East,Mgr_17
SR113,Rep_698,Zone C,East,Mgr_13
SR832,Rep_699,Zone B,West,Mgr_12
SR418,Rep_700,Zone A,South,Mgr_16
SR734,Rep_701,Zone C,South,Mgr_6
SR995,Rep_702,Zone A,East,Mgr_1
SR483,Rep_703,Zone B,North,Mgr_13
SR477,Rep_704,Zone B,South,Mgr_18
SR912,Rep_705,Zone A,West,Mgr_7
SR562,Rep_706,Zone A,East,Mgr_1
SR684,Rep_707,Zone B,East,Mgr_14
SR541,Rep_708,Zone A,South,Mgr_10
SR177,Rep_709,Zone C,South,Mgr_5
SR938,Rep_710,Zone B,West,Mgr_6
SR685,Rep_711,Zone A,North,Mgr_14
SR885,Rep_712,Zone A,North,Mgr_10
SR658,Rep_713,Zone C,West,Mgr_8
SR226,Rep_714,Zone C,North,Mgr_13
SR640,Rep_715,Zone B,North,Mgr_8
SR882,Rep_716,Zone A,North,Mgr_10
SR214,Rep_717,Zone C,West,Mgr_2
SR654,Rep_718,Zone A,West,Mgr_17
SR266,Rep_719,Zone C,East,Mgr_4
SR644,Rep_720,Zone B,North,Mgr_6
SR284,Rep_721,Zone A,South,Mgr_5
SR230,Rep_722,Zone C,South,Mgr_13
SR565,Rep_723,Zone C,East,Mgr_6
SR732,Rep_724,Zone B,East,Mgr_6
SR176,Rep_725,Zone C,West,Mgr_20
SR969,Rep_726,Zone A,East,Mgr_3
SR546,Rep_727,Zone B,South,Mgr_2
SR442,Rep_728,Zone A,North,Mgr_6
SR224,Rep_729,Zone C,West,Mgr_9
SR430,Rep_730,Zone A,South,Mgr_7
SR300,Rep_731,Zone A,South,Mgr_10
SR203,Rep_732,Zone C,East,Mgr_3
SR408,Rep_733,Zone B,West,Mgr_8
SR731,Rep_734,Zone C,West,Mgr_9
SR506,Rep_735,Zone B,West,Mgr_12
SR274,Rep_736,Zone B,East,Mgr_2
SR866,Rep_737,Zone A,West,Mgr_18
SR302,Rep_738,Zone C,North,Mgr_20
SR512,Rep_739,Zone B,South,Mgr_4
SR897,Rep_740,Zone A,North,Mgr_18
SR378,Rep_741,Zone C,West,Mgr_4
SR692,Rep_742,Zone C,East,Mgr_12
SR350,Rep_743,Zone B,South,Mgr_9
SR481,Rep_744,Zone B,West,Mgr_15
SR198,Rep_745,Zone C,South,Mgr_17
SR186,Rep_746,Zone A,South,Mgr_13
SR781,Rep_747,Zone A,East,Mgr_6
SR415,Rep_748,Zone C,South,Mgr_2
SR997,Rep_749,Zone B,South,Mgr_14
SR215,Rep_750,Zone A,South,Mgr_15
SR267,Rep_751,Zone C,North,Mgr_16
SR844,Rep_752,Zone A,West,Mgr_18
SR915,Rep_753,Zone C,North,Mgr_12
SR798,Rep_754,Zone B,South,Mgr_2
SR898,Rep_755,Zone C,West,Mgr_14
SR538,Rep_756,Zone A,West,Mgr_8
SR329,Rep_757,Zone C,South,Mgr_12
SR587,Rep_758,Zone A,East,Mgr_9
SR182,Rep_759,Zone B,South,Mgr_19
SR161,Rep_760,Zone C,North,Mgr_9
SR903,Rep_761,Zone C,South,Mgr_13
SR555,Rep_762,Zone B,North,Mgr_4
SR774,Rep_763,Zone A,West,Mgr_9
SR551,Rep_764,Zone B,West,Mgr_20
SR792,Rep_765,Zone A,North,Mgr_6
SR870,Rep_766,Zone A,North,Mgr_17
SR468,Rep_767,Zone C,South,Mgr_11
SR981,Rep_768,Zone B,East,Mgr_1
SR908,Rep_769,Zone B,South,Mgr_14
SR633,Rep_770,Zone A,East,Mgr_2
SR179,Rep_771,Zone C,West,Mgr_8
SR617,Rep_772,Zone C,South,Mgr_14
SR933,Rep_773,Zone A,West,Mgr_20
SR139,Rep_774,Zone B,North,Mgr_5
SR959,Rep_775,Zone B,East,Mgr_7
SR563,Rep_776,Zone A,East,Mgr_11
SR233,Rep_777,Zone C,West,Mgr_19
SR599,Rep_778,Zone B,South,Mgr_1
SR949,Rep_779,Zone C,South,Mgr_10
SR268,Rep_780,Zone C,North,Mgr_3
SR482,Rep_781,Zone C,West,Mgr_19
SR356,Rep_782,Zone A,East,Mgr_9
SR932,Rep_783,Zone A,South,Mgr_9
SR622,Rep_784,Zone B,South,Mgr_5
SR917,Rep_785,Zone C,East,Mgr_17
SR314,Rep_786,Zone A,East,Mgr_18
SR999,Rep_787,Zone A,North,Mgr_18
SR922,Rep_788,Zone A,East,Mgr_18
SR991,Rep_789,Zone A,North,Mgr_11
SR402,Rep_790,Zone A,East,Mgr_9
SR636,Rep_791,Zone A,South,Mgr_10
SR341,Rep_792,Zone A,North,Mgr_9
SR779,Rep_793,Zone A,South,Mgr_2
SR559,Rep_794,Zone B,North,Mgr_20
SR677,Rep_795,Zone C,North,Mgr_15
SR175,Rep_796,Zone B,South,Mgr_3
SR707,Rep_797,Zone C,North,Mgr_6
SR583,Rep_798,Zone C,North,Mgr_7
SR319,Rep_799,Zone A,West,Mgr_3
SR726,Rep_800,Zone A,North,Mgr_13
SR264,Rep_801,Zone B,North,Mgr_1
SR786,Rep_802,Zone C,East,Mgr_5
SR332,Rep_803,Zone A,East,Mgr_17
SR785,Rep_804,Zone C,East,Mgr_10
SR449,Rep_805,Zone B,South,Mgr_17
SR606,Rep_806,Zone B,East,Mgr_19
SR609,Rep_807,Zone C,North,Mgr_19
SR296,Rep_808,Zone B,North,Mgr_14
SR204,Rep_809,Zone C,West,Mgr_12
SR443,Rep_810,Zone A,West,Mgr_3
SR945,Rep_811,Zone A,East,Mgr_18
SR839,Rep_812,Zone C,East,Mgr_6
SR729,Rep_813,Zone A,North,Mgr_2
SR608,Rep_814,Zone C,North,Mgr_1
SR671,Rep_815,Zone A,West,Mgr_18
SR621,Rep_816,Zone B,North,Mgr_7
SR679,Rep_817,Zone C,West,Mgr_9
SR825,Rep_818,Zone B,South,Mgr_20
SR338,Rep_819,Zone A,South,Mgr_18
SR797,Rep_820,Zone B,East,Mgr_20
SR642,Rep_821,Zone A,West,Mgr_5
SR694,Rep_822,Zone B,West,Mgr_8
SR833,Rep_823,Zone C,East,Mgr_14
SR184,Rep_824,Zone B,West,Mgr_4
SR491,Rep_825,Zone B,North,Mgr_11
SR929,Rep_826,Zone B,East,Mgr_1
SR250,Rep_827,Zone C,North,Mgr_8
SR799,Rep_828,Zone B,South,Mgr_1
SR240,Rep_829,Zone A,West,Mgr_20
SR147,Rep_830,Zone B,South,Mgr_19
SR628,Rep_831,Zone B,East,Mgr_15
SR499,Rep_832,Zone A,West,Mgr_15
SR613,Rep_833,Zone B,West,Mgr_16
SR384,Rep_834,Zone C,South,Mgr_8
SR335,Rep_835,Zone B,North,Mgr_3
SR834,Rep_836,Zone B,West,Mgr_4
SR197,Rep_837,Zone A,East,Mgr_17
SR689,Rep_838,Zone C,North,Mgr_15
SR157,Rep_839,Zone B,West,Mgr_3
SR939,Rep_840,Zone C,North,Mgr_1
SR893,Rep_841,Zone A,West,Mgr_2
SR259,Rep_842,Zone B,West,Mgr_8
SR423,Rep_843,Zone A,East,Mgr_6
SR464,Rep_844,Zone A,East,Mgr_14
SR711,Rep_845,Zone B,North,Mgr_2
SR514,Rep_846,Zone A,West,Mgr_4
SR148,Rep_847,Zone B,West,Mgr_7
SR364,Rep_848,Zone B,South,Mgr_19
SR928,Rep_849,Zone C,East,Mgr_3
SR853,Rep_850,Zone C,West,Mgr_4
SR333,Rep_851,Zone C,South,Mgr_12
SR109,Rep_852,Zone A,West,Mgr_12
SR377,Rep_853,Zone C,West,Mgr_9
SR918,Rep_854,Zone B,South,Mgr_15
SR967,Rep_855,Zone B,East,Mgr_4
SR232,Rep_856,Zone A,South,Mgr_7
SR838,Rep_857,Zone B,West,Mgr_18
SR181,Rep_858,Zone A,East,Mgr_14
SR409,Rep_859,Zone B,West,Mgr_6
SR926,Rep_860,Zone A,West,Mgr_17
SR819,Rep_861,Zone C,South,Mgr_6
SR244,Rep_862,Zone A,East,Mgr_9
SR647,Rep_863,Zone B,North,Mgr_8
SR725,Rep_864,Zone C,West,Mgr_6
SR209,Rep_865,Zone B,West,Mgr_8
SR123,Rep_866,Zone B,West,Mgr_17
SR183,Rep_867,Zone A,South,Mgr_20
SR420,Rep_868,Zone C,North,Mgr_2
SR487,Rep_869,Zone C,South,Mgr_16
SR695,Rep_870,Zone C,South,Mgr_8
SR152,Rep_871,Zone B,South,Mgr_6
SR530,Rep_872,Zone B,North,Mgr_7
SR567,Rep_873,Zone C,East,Mgr_13
SR155,Rep_874,Zone C,South,Mgr_12
SR517,Rep_875,Zone B,East,Mgr_14
SR455,Rep_876,Zone B,East,Mgr_5
SR770,Rep_877,Zone B,East,Mgr_15
SR269,Rep_878,Zone C,East,Mgr_20
SR210,Rep_879,Zone B,East,Mgr_12
SR754,Rep_880,Zone B,North,Mgr_10
SR307,Rep_881,Zone B,South,Mgr_15
SR971,Rep_882,Zone B,North,Mgr_4
SR299,Rep_883,Zone A,East,Mgr_15
SR951,Rep_884,Zone A,North,Mgr_9
SR585,Rep_885,Zone A,South,Mgr_10
SR362,Rep_886,Zone B,South,Mgr_6
SR114,Rep_887,Zone B,West,Mgr_17
SR548,Rep_888,Zone B,East,Mgr_12
SR327,Rep_889,Zone A,West,Mgr_11
SR312,Rep_890,Zone A,North,Mgr_10
SR119,Rep_891,Zone A,West,Mgr_13
SR488,Rep_892,Zone B,East,Mgr_7
SR653,Rep_893,Zone C,East,Mgr_9
SR217,Rep_894,Zone C,East,Mgr_9
SR891,Rep_895,Zone C,West,Mgr_17
SR575,Rep_896,Zone B,South,Mgr_14
SR208,Rep_897,Zone B,East,Mgr_1
SR370,Rep_898,Zone B,West,Mgr_8
SR403,Rep_899,Zone B,South,Mgr_8
